{
    "scores": {
        "trevor_b__": 4991.772657632828,
        "huskerwildcat": 24.185361623764038,
        "glshuck": 995.2647984027863
    }
}